-- phpMyAdmin SQL Dump
-- version 3.5.1
-- http://www.phpmyadmin.net
--
-- Host: 127.0.0.1
-- Generation Time: Oct 02, 2014 at 09:37 AM
-- Server version: 5.5.25
-- PHP Version: 5.3.13

SET SQL_MODE="NO_AUTO_VALUE_ON_ZERO";
SET time_zone = "+00:00";


/*!40101 SET @OLD_CHARACTER_SET_CLIENT=@@CHARACTER_SET_CLIENT */;
/*!40101 SET @OLD_CHARACTER_SET_RESULTS=@@CHARACTER_SET_RESULTS */;
/*!40101 SET @OLD_COLLATION_CONNECTION=@@COLLATION_CONNECTION */;
/*!40101 SET NAMES utf8 */;

--
-- Database: `ofito`
--

-- --------------------------------------------------------

--
-- Table structure for table `menu`
--

CREATE TABLE IF NOT EXISTS `menu` (
  `foodid` int(11) NOT NULL AUTO_INCREMENT,
  `foodcategory` enum('Первые блюда','Вторые блюда','Салаты','Гарниры','Другие') NOT NULL DEFAULT 'Первые блюда',
  `foodname` varchar(255) NOT NULL,
  `foodprice` int(5) NOT NULL,
  `foodmeasure` enum('порция','штук','грамм') NOT NULL DEFAULT 'порция',
  `foodsize` varchar(255) NOT NULL,
  PRIMARY KEY (`foodid`)
) ENGINE=InnoDB  DEFAULT CHARSET=utf8 AUTO_INCREMENT=32 ;

--
-- Dumping data for table `menu`
--

INSERT INTO `menu` (`foodid`, `foodcategory`, `foodname`, `foodprice`, `foodmeasure`, `foodsize`) VALUES
(2, 'Первые блюда', 'Лагман', 300, 'порция', '1'),
(3, 'Вторые блюда', 'Котлета', 250, 'штук', '1'),
(4, 'Первые блюда', 'Пельмени', 300, 'порция', '1'),
(5, 'Салаты', 'хе мясное', 120, 'грамм', '100'),
(6, 'Гарниры', 'Пюре', 100, 'грамм', '100'),
(8, 'Первые блюда', 'Кукси', 300, 'порция', '1'),
(9, 'Первые блюда', 'Суп гороховый', 300, 'порция', '1'),
(10, 'Первые блюда', 'Суп с фрикадельками', 300, 'порция', '1'),
(11, 'Первые блюда', 'Суп с грибами', 300, 'порция', '1'),
(12, 'Вторые блюда', 'Отбивная', 250, 'грамм', '100'),
(13, 'Салаты', 'Шуба', 120, 'грамм', '100'),
(14, 'Вторые блюда', 'Голубцы', 250, 'штук', '2'),
(15, 'Гарниры', 'Гречка', 80, 'грамм', '100'),
(16, 'Другие', 'Блины', 90, 'штук', '1'),
(23, 'Гарниры', 'Рис', 150, 'грамм', '100'),
(24, 'Другие', 'Сырники', 50, 'штук', '1'),
(25, 'Вторые блюда', 'Манты', 90, 'штук', '1'),
(26, 'Вторые блюда', 'Бифштекс', 250, 'штук', '1'),
(27, 'Другие', 'Кекс', 100, 'штук', '1'),
(28, 'Вторые блюда', 'Куырдак', 350, 'грамм', '300'),
(29, 'Первые блюда', 'Окрошка', 150, 'порция', '1'),
(30, 'Салаты', 'Оливье', 100, 'грамм', '100'),
(31, 'Вторые блюда', 'Ряба', 270, 'порция', '1');

-- --------------------------------------------------------

--
-- Table structure for table `orders`
--

CREATE TABLE IF NOT EXISTS `orders` (
  `orderid` int(11) NOT NULL AUTO_INCREMENT,
  `userid` int(11) NOT NULL,
  `foodid` int(11) NOT NULL,
  `ordersum` int(11) NOT NULL,
  `orderquantity` int(11) NOT NULL,
  `ordertime` date NOT NULL,
  `orderprice` int(11) NOT NULL,
  `foodname` varchar(256) NOT NULL,
  `status` int(1) NOT NULL DEFAULT '0',
  PRIMARY KEY (`orderid`)
) ENGINE=InnoDB  DEFAULT CHARSET=utf8 AUTO_INCREMENT=120 ;

--
-- Dumping data for table `orders`
--

INSERT INTO `orders` (`orderid`, `userid`, `foodid`, `ordersum`, `orderquantity`, `ordertime`, `orderprice`, `foodname`, `status`) VALUES
(1, 3, 2, 300, 1, '2014-09-10', 300, 'Лагман', 2),
(2, 3, 8, 300, 1, '2014-09-10', 300, 'Кукси', 2),
(3, 1, 2, 300, 1, '2014-09-09', 300, 'Лагман', 2),
(4, 1, 3, 250, 1, '2014-09-09', 250, 'Котлета', 2),
(22, 1, 6, 200, 2, '2014-09-09', 100, 'Пюре', 2),
(23, 1, 24, 50, 1, '2014-09-09', 50, 'Сырники', 2),
(24, 1, 24, 50, 1, '2014-09-09', 50, 'Сырники', 0),
(25, 1, 24, 50, 1, '2014-09-09', 50, 'Сырники', 0),
(26, 1, 4, 300, 1, '2014-09-10', 300, 'Пельмени', 2),
(27, 1, 13, 120, 1, '2014-09-10', 120, 'Шуба', 2),
(28, 1, 24, 100, 2, '2014-09-10', 50, 'Сырники', 2),
(36, 1, 5, 120, 1, '2014-09-11', 120, 'хе мясное', 2),
(38, 3, 2, 300, 1, '2014-09-11', 300, 'Лагман', 2),
(39, 3, 12, 250, 1, '2014-09-11', 250, 'Отбивная', 2),
(40, 3, 6, 200, 2, '2014-09-11', 100, 'Пюре', 2),
(41, 3, 24, 200, 4, '2014-09-11', 50, 'Сырники', 2),
(42, 1, 5, 120, 1, '2014-09-11', 120, 'хе мясное', 0),
(43, 1, 24, 100, 2, '2014-09-11', 50, 'Сырники', 2),
(44, 1, 2, 300, 1, '2014-09-11', 300, 'Лагман', 2),
(45, 1, 14, 500, 2, '2014-09-11', 250, 'Голубцы', 2),
(46, 1, 3, 250, 1, '2014-09-12', 250, 'Котлета', 2),
(47, 1, 6, 100, 1, '2014-09-12', 100, 'Пюре', 2),
(48, 1, 24, 100, 2, '2014-09-12', 50, 'Сырники', 2),
(49, 2, 8, 300, 1, '2014-09-12', 300, 'Кукси', 2),
(50, 2, 30, 100, 1, '2014-09-12', 100, 'Оливье', 2),
(51, 2, 24, 200, 4, '2014-09-12', 50, 'Сырники', 2),
(52, 3, 29, 150, 1, '2014-09-12', 150, 'Окрошка', 2),
(53, 3, 25, 270, 3, '2014-09-12', 90, 'Манты', 2),
(54, 3, 13, 120, 1, '2014-09-12', 120, 'Шуба', 2),
(55, 1, 30, 100, 1, '2014-09-12', 100, 'Оливье', 2),
(56, 1, 26, 250, 1, '2014-09-15', 250, 'Бифштекс', 2),
(57, 1, 24, 100, 2, '2014-09-15', 50, 'Сырники', 2),
(58, 1, 15, 80, 1, '2014-09-15', 80, 'Гречка', 2),
(59, 1, 30, 100, 1, '2014-09-15', 100, 'Оливье', 2),
(60, 1, 15, 80, 1, '2014-09-15', 80, 'Гречка', 0),
(61, 3, 29, 150, 1, '2014-09-15', 150, 'Окрошка', 2),
(62, 3, 14, 250, 1, '2014-09-15', 250, 'Голубцы', 2),
(63, 3, 5, 120, 1, '2014-09-15', 120, 'хе мясное', 2),
(64, 2, 29, 150, 1, '2014-09-15', 150, 'Окрошка', 2),
(65, 2, 28, 350, 1, '2014-09-15', 350, 'Куырдак', 2),
(66, 2, 24, 150, 3, '2014-09-15', 50, 'Сырники', 2),
(67, 21, 8, 300, 1, '2014-09-15', 300, 'Кукси', 0),
(68, 21, 12, 250, 1, '2014-09-15', 250, 'Отбивная', 2),
(69, 21, 23, 150, 1, '2014-09-15', 150, 'Рис', 2),
(70, 21, 24, 200, 4, '2014-09-15', 50, 'Сырники', 0),
(71, 1, 8, 300, 1, '2014-09-16', 300, 'Кукси', 2),
(72, 1, 3, 250, 1, '2014-09-16', 250, 'Котлета', 2),
(73, 1, 6, 100, 1, '2014-09-16', 100, 'Пюре', 2),
(74, 1, 24, 50, 1, '2014-09-16', 50, 'Сырники', 2),
(75, 3, 8, 300, 1, '2014-09-16', 300, 'Кукси', 2),
(76, 3, 3, 250, 1, '2014-09-16', 250, 'Котлета', 2),
(77, 3, 6, 100, 1, '2014-09-16', 100, 'Пюре', 2),
(78, 3, 24, 50, 1, '2014-09-16', 50, 'Сырники', 2),
(79, 2, 8, 300, 1, '2014-09-16', 300, 'Кукси', 2),
(80, 2, 3, 250, 1, '2014-09-16', 250, 'Котлета', 2),
(81, 2, 6, 100, 1, '2014-09-16', 100, 'Пюре', 2),
(82, 2, 24, 50, 1, '2014-09-16', 50, 'Сырники', 2),
(83, 21, 8, 300, 1, '2014-09-16', 300, 'Кукси', 0),
(84, 21, 3, 250, 1, '2014-09-16', 250, 'Котлета', 0),
(85, 21, 6, 100, 1, '2014-09-16', 100, 'Пюре', 2),
(86, 21, 24, 50, 1, '2014-09-16', 50, 'Сырники', 0),
(87, 1, 24, 50, 1, '2014-09-16', 50, 'Сырники', 0),
(88, 1, 8, 300, 1, '2014-09-29', 300, 'Кукси', 2),
(89, 1, 3, 250, 1, '2014-09-29', 250, 'Котлета', 2),
(90, 1, 6, 100, 1, '2014-09-29', 100, 'Пюре', 2),
(91, 1, 13, 120, 1, '2014-09-29', 120, 'Шуба', 2),
(92, 3, 12, 250, 1, '2014-09-29', 250, 'Отбивная', 2),
(93, 3, 15, 80, 1, '2014-09-29', 80, 'Гречка', 2),
(94, 3, 24, 150, 3, '2014-09-29', 50, 'Сырники', 2),
(95, 2, 3, 250, 1, '2014-09-29', 250, 'Котлета', 2),
(96, 2, 23, 150, 1, '2014-09-29', 150, 'Рис', 2),
(97, 2, 24, 100, 2, '2014-09-29', 50, 'Сырники', 2),
(98, 1, 31, 270, 1, '2014-10-01', 270, 'Ряба', 2),
(99, 1, 5, 120, 1, '2014-10-01', 120, 'хе мясное', 2),
(100, 2, 2, 300, 1, '2014-10-01', 300, 'Лагман', 2),
(101, 2, 3, 250, 1, '2014-10-01', 250, 'Котлета', 2),
(102, 2, 6, 100, 1, '2014-10-01', 100, 'Пюре', 2),
(103, 2, 16, 90, 1, '2014-10-01', 90, 'Блины', 2),
(104, 3, 9, 300, 1, '2014-10-01', 300, 'Суп гороховый', 1),
(105, 3, 13, 120, 1, '2014-10-01', 120, 'Шуба', 2),
(106, 3, 16, 180, 2, '2014-10-01', 90, 'Блины', 2),
(107, 1, 13, 120, 1, '2014-10-01', 120, 'Шуба', 2),
(108, 1, 5, 120, 1, '2014-10-01', 120, 'хе мясное', 0),
(109, 2, 16, 90, 1, '2014-10-01', 90, 'Блины', 0),
(110, 2, 8, 300, 1, '2014-10-02', 300, 'Кукси', 2),
(111, 2, 25, 90, 1, '2014-10-02', 90, 'Манты', 2),
(112, 2, 13, 120, 1, '2014-10-02', 120, 'Шуба', 2),
(113, 2, 16, 180, 2, '2014-10-02', 90, 'Блины', 2),
(114, 2, 30, 100, 1, '2014-10-02', 100, 'Оливье', 2),
(115, 3, 12, 250, 1, '2014-10-02', 250, 'Отбивная', 0),
(116, 3, 6, 100, 1, '2014-10-02', 100, 'Пюре', 2),
(117, 3, 16, 180, 2, '2014-10-02', 90, 'Блины', 2),
(118, 2, 31, 270, 1, '2014-10-02', 270, 'Ряба', 2),
(119, 2, 12, 250, 1, '2014-10-02', 250, 'Отбивная', 2);

-- --------------------------------------------------------

--
-- Table structure for table `todaysmenu`
--

CREATE TABLE IF NOT EXISTS `todaysmenu` (
  `foodid` int(11) NOT NULL,
  `date_added` date NOT NULL
) ENGINE=InnoDB DEFAULT CHARSET=utf8;

--
-- Dumping data for table `todaysmenu`
--

INSERT INTO `todaysmenu` (`foodid`, `date_added`) VALUES
(2, '2014-10-01'),
(4, '2014-10-01'),
(8, '2014-10-01'),
(9, '2014-10-01'),
(10, '2014-10-01'),
(3, '2014-10-01'),
(12, '2014-10-01'),
(25, '2014-10-01'),
(26, '2014-10-01'),
(31, '2014-10-01'),
(5, '2014-10-01'),
(13, '2014-10-01'),
(30, '2014-10-01'),
(6, '2014-10-01'),
(15, '2014-10-01'),
(23, '2014-10-01'),
(16, '2014-10-01');

-- --------------------------------------------------------

--
-- Table structure for table `users`
--

CREATE TABLE IF NOT EXISTS `users` (
  `userid` int(11) unsigned NOT NULL AUTO_INCREMENT,
  `role` enum('default','admin','owner') NOT NULL,
  `login` varchar(25) NOT NULL,
  `password` varchar(64) NOT NULL,
  `name` varchar(32) NOT NULL,
  `surname` varchar(64) NOT NULL,
  `office` int(11) NOT NULL,
  PRIMARY KEY (`userid`)
) ENGINE=InnoDB  DEFAULT CHARSET=utf8 AUTO_INCREMENT=22 ;

--
-- Dumping data for table `users`
--

INSERT INTO `users` (`userid`, `role`, `login`, `password`, `name`, `surname`, `office`) VALUES
(1, 'owner', 'duman', '99a3e382b177fc87367b26b229aabc4b4f64acf2ceec4521955b630e261271b0', 'Думан', 'Бибасаров', 7),
(2, 'admin', 'admin', '19af9f03210618f770beea32e309e86eb29197977ea2d664bd51e2a44f96fb67', 'Admin', 'Admin', 1),
(3, 'default', 'test', 'a6dba3d783917be51394e291e03ce5604dc7af045fc8b460dffd9a30d9f0d13c', 'Test', 'Testov', 1),
(21, 'default', 'test2', '508314ab210f46b69791c0625333eb9ca1b77e0bfafb4195c9c0744e280c85a5', 'Test2', 'Testov2', 7);

/*!40101 SET CHARACTER_SET_CLIENT=@OLD_CHARACTER_SET_CLIENT */;
/*!40101 SET CHARACTER_SET_RESULTS=@OLD_CHARACTER_SET_RESULTS */;
/*!40101 SET COLLATION_CONNECTION=@OLD_COLLATION_CONNECTION */;
